{"forest": {"colors": [[99.42745208740234, 99.9686279296875, 76.11372375488281, 255.0], [98.52156829833984, 98.52156829833984, 98.52156829833984, 255.0], [76.78823852539062, 50.76862716674805, 41.01176452636719, 255.0], [29.600000381469727, 84.0313720703125, 39.49803924560547, 255.0], [30.250980377197266, 70.99215698242188, 41.827449798583984, 255.0], [99.75686645507812, 105.76470947265625, 101.36078643798828, 255.0]], "mus": [[-0.4000000059604645, 0.003000000026077032], [0.003000000026077032, 1.100000023841858], [-0.004999999888241291, 0.2529999911785126], [0.05999999865889549, 0.17299999296665192], [0.3179999887943268, 0.4230000078678131], [1.059999942779541, 1.100000023841858]], "sigmas": [[0.009999999776482582, 0.009999999776482582], [0.009999999776482582, 0.1940000057220459], [0.009999999776482582, 0.12300000339746475], [0.009999999776482582, 0.09700000286102295], [0.07599999755620956, 0.11800000071525574], [0.013000000268220901, 0.009999999776482582]]}, "grassland": {"colors": [[198.49411010742188, 196.90196228027344, 163.5294189453125, 255.0], [98.52156829833984, 98.52156829833984, 98.52156829833984, 255.0], [184.00392150878906, 176.99607849121094, 122.32157135009766, 255.0], [109.80000305175781, 144.8862762451172, 83.14117431640625, 255.0], [73.51372528076172, 115.9058837890625, 52.67843246459961, 255.0], [239.25881958007812, 243.4078369140625, 240.3647003173828, 255.0]], "mus": [[-0.4000000059604645, 0.003000000026077032], [0.003000000026077032, 1.100000023841858], [-0.020999999716877937, 0.11599999666213989], [0.052000001072883606, 0.21299999952316284], [0.3179999887943268, 0.37400001287460327], [1.100000023841858, 1.100000023841858]], "sigmas": [[0.009999999776482582, 0.009999999776482582], [0.009999999776482582, 0.1940000057220459], [0.009999999776482582, 0.20499999821186066], [0.02800000086426735, 0.10999999940395355], [0.0860000029206276, 0.1289999932050705], [0.013000000268220901, 0.009999999776482582]]}, "jungle": {"colors": [[197.0431365966797, 197.0431365966797, 197.0431365966797, 255.0], [98.52156829833984, 98.52156829833984, 98.52156829833984, 255.0], [104.3176498413086, 69.4000015258789, 56.30588150024414, 255.0], [50.09803771972656, 92.7254867553711, 45.83529281616211, 255.0], [42.67451095581055, 78.23529052734375, 52.77647018432617, 255.0], [61.01568603515625, 98.52156829833984, 71.02745056152344, 255.0]], "mus": [[-0.4000000059604645, 0.003000000026077032], [0.003000000026077032, 1.100000023841858], [0.01899999938905239, 0.4390000104904175], [0.03500000014901161, 0.17299999296665192], [0.33399999141693115, 0.46299999952316284], [0.6890000104904175, 0.7770000100135803]], "sigmas": [[0.009999999776482582, 0.009999999776482582], [0.009999999776482582, 0.1940000057220459], [0.009999999776482582, 0.1889999955892563], [0.009999999776482582, 0.08399999886751175], [0.07599999755620956, 0.11800000071525574], [0.10700000077486038, 0.0860000029206276]]}, "savannah": {"colors": [[189.5294189453125, 198.1568603515625, 207.18431091308594, 255.0], [92.7254867553711, 90.32941436767578, 84.29412078857422, 255.0], [73.89019775390625, 51.9058837890625, 43.66274642944336, 255.0], [133.2941131591797, 127.6941146850586, 95.42353057861328, 255.0], [89.01960754394531, 108.6627426147461, 59.27058792114258, 255.0], [120.2549057006836, 117.45098114013672, 107.27059173583984, 255.0]], "mus": [[-0.4000000059604645, 0.003000000026077032], [0.003000000026077032, 1.100000023841858], [0.01899999938905239, 0.3580000102519989], [0.03500000014901161, 0.5109999775886536], [0.06800000369548798, 0.10000000149011612], [1.059999942779541, 1.100000023841858]], "sigmas": [[0.009999999776482582, 0.009999999776482582], [0.009999999776482582, 0.1940000057220459], [0.009999999776482582, 0.10700000077486038], [0.009999999776482582, 0.08399999886751175], [0.014999999664723873, 0.1679999977350235], [0.013000000268220901, 0.009999999776482582]]}, "desert": {"colors": [[68.0941162109375, 67.25098419189453, 63.45098114013672, 255.0], [111.56078338623047, 106.49019622802734, 106.49019622802734, 255.0], [181.1058807373047, 178.81568908691406, 130.68235778808594, 255.0], [177.7607879638672, 181.1058807373047, 154.35293579101562, 255.0], [96.89804077148438, 120.2549057006836, 56.02745056152344, 255.0], [137.63922119140625, 129.5098114013672, 125.90980529785156, 255.0]], "mus": [[-0.4000000059604645, 0.003000000026077032], [0.003000000026077032, 1.100000023841858], [0.01899999938905239, 0.4390000104904175], [0.22100000083446503, 0.4230000078678131], [0.027000000700354576, 0.010999999940395355], [1.003000020980835, 1.100000023841858]], "sigmas": [[0.009999999776482582, 0.009999999776482582], [0.009999999776482582, 0.1940000057220459], [0.009999999776482582, 0.1889999955892563], [0.05700000002980232, 0.052000001072883606], [0.009999999776482582, 0.07100000232458115], [0.07100000232458115, 0.06800000369548798]]}, "tundra": {"colors": [[132.3647003173828, 136.19215393066406, 124.58431243896484, 255.0], [98.52156829833984, 98.52156829833984, 98.52156829833984, 255.0], [82.58431243896484, 76.7803955078125, 74.60784149169922, 255.0], [29.780391693115234, 39.117645263671875, 34.66274642944336, 255.0], [28.054901123046875, 69.54509735107422, 55.400001525878906, 255.0], [239.29019165039062, 244.8549041748047, 240.77647399902344, 255.0]], "mus": [[-0.4000000059604645, 0.003000000026077032], [0.003000000026077032, 1.100000023841858], [0.01899999938905239, 0.4390000104904175], [0.09200000017881393, 0.17299999296665192], [0.2290000021457672, 0.5350000262260437], [1.0269999504089355, 1.100000023841858]], "sigmas": [[0.009999999776482582, 0.009999999776482582], [0.009999999776482582, 0.1940000057220459], [0.009999999776482582, 0.05700000002980232], [0.03400000184774399, 0.08399999886751175], [0.07599999755620956, 0.11800000071525574], [0.06800000369548798, 0.009999999776482582]]}, "taiga": {"colors": [[166.9254913330078, 172.41175842285156, 155.7607879638672, 255.0], [101.41960906982422, 93.92549133300781, 93.92549133300781, 255.0], [42.01568603515625, 26.043136596679688, 20.050979614257812, 255.0], [57.95294189453125, 47.250980377197266, 15.145097732543945, 255.0], [111.32941436767578, 113.00784301757812, 39.16862869262695, 255.0], [246.3019561767578, 246.30587768554688, 246.3019561767578, 255.0]], "mus": [[-0.4000000059604645, 0.003000000026077032], [0.003000000026077032, 1.100000023841858], [0.01899999938905239, 0.4390000104904175], [0.03500000014901161, 0.4230000078678131], [0.11599999666213989, 0.2370000034570694], [0.9710000157356262, 1.100000023841858]], "sigmas": [[0.009999999776482582, 0.009999999776482582], [0.009999999776482582, 0.1940000057220459], [0.009999999776482582, 0.1889999955892563], [0.009999999776482582, 0.08399999886751175], [0.023000000044703484, 0.13600000739097595], [0.054999999701976776, 0.009999999776482582]]}, "ice": {"colors": [[50.70980453491211, 50.70980453491211, 50.70588302612305, 255.0], [228.10980224609375, 228.1137237548828, 236.16470336914062, 255.0], [118.08235168457031, 127.49803924560547, 127.49803924560547, 255.0], [69.19999694824219, 85.48235321044922, 56.82352828979492, 255.0], [224.5725555419922, 224.56863403320312, 224.56863403320312, 255.0], [255.0, 254.99607849121094, 254.99607849121094, 255.0]], "mus": [[-0.4000000059604645, 0.003000000026077032], [0.003000000026077032, 1.100000023841858], [0.01899999938905239, 0.4390000104904175], [0.010999999940395355, 0.07599999755620956], [0.3179999887943268, 1.0190000534057617], [0.8740000128746033, 1.100000023841858]], "sigmas": [[0.009999999776482582, 0.009999999776482582], [0.009999999776482582, 0.1940000057220459], [0.009999999776482582, 0.1889999955892563], [0.009999999776482582, 0.04399999976158142], [0.07599999755620956, 0.11800000071525574], [0.10199999809265137, 0.10499999672174454]]},